{
    "type": "minecraft:crafting_shaped",
    "pattern": [
        " #D",
        " H#",
        "U  "
    ],
    "key": {
        "#": {
            "item": "minecraft:diamond_block"
        },
        "D": {
            "item": "minecraft:diamond"
        },
        "H": {
            "item": "minecraft:dragon_egg"
        },
        "U": {
            "item": "minecraft:diamond_sword"
        }
    },
    "result": {
        "item": "minecraft:chest",
        "count": 1
    }
}
