{
    "type": "minecraft:crafting_shaped",
    "pattern": [
        " #N",
        "EDV",
        "ZA "
    ],
    "key": {
        "#": {
            "item": "minecraft:redstone_block"
        },
        "N": {
            "item": "minecraft:nether_star"
        },
        "E": {
            "item": "minecraft:emerald_block"
        },
        "D": {
            "item": "minecraft:dragon_egg"
        },
        "V": {
            "item": "minecraft:diamond_block"
        },
        "Z": {
            "item": "minecraft:netherite_sword"
        },
        "A": {
            "item": "minecraft:amethyst_block"
        }
    },
    "result": {
        "item": "minecraft:chest",
        "count": 1
    }
}